{
    "skeleton": {
        "NOSE": {
            "x": 0.60911775,
            "y": 0.7320664,
            "z": -0.916444,
            "visibility": 0.983266
        },
        "LEFT_EYE_INNER": {
            "x": 0.5953648,
            "y": 0.7159644,
            "z": -0.9266925,
            "visibility": 0.99232894
        },
        "LEFT_EYE": {
            "x": 0.59550357,
            "y": 0.70863116,
            "z": -0.92651415,
            "visibility": 0.99082464
        },
        "LEFT_EYE_OUTER": {
            "x": 0.5953643,
            "y": 0.70344245,
            "z": -0.9266799,
            "visibility": 0.9901879
        },
        "RIGHT_EYE_INNER": {
            "x": 0.5896049,
            "y": 0.73215854,
            "z": -0.92316353,
            "visibility": 0.9888244
        },
        "RIGHT_EYE": {
            "x": 0.5876678,
            "y": 0.7334845,
            "z": -0.9231766,
            "visibility": 0.9837221
        },
        "RIGHT_EYE_OUTER": {
            "x": 0.58506984,
            "y": 0.7368164,
            "z": -0.9231343,
            "visibility": 0.9867249
        },
        "LEFT_EAR": {
            "x": 0.596236,
            "y": 0.6855185,
            "z": -0.7926643,
            "visibility": 0.98512644
        },
        "RIGHT_EAR": {
            "x": 0.57491714,
            "y": 0.7316031,
            "z": -0.773747,
            "visibility": 0.98393863
        },
        "MOUTH_LEFT": {
            "x": 0.6198792,
            "y": 0.71853507,
            "z": -0.8472055,
            "visibility": 0.95018035
        },
        "MOUTH_RIGHT": {
            "x": 0.6158398,
            "y": 0.73598343,
            "z": -0.842824,
            "visibility": 0.96201175
        },
        "LEFT_SHOULDER": {
            "x": 0.64760804,
            "y": 0.67507625,
            "z": -0.5928073,
            "visibility": 0.93799126
        },
        "RIGHT_SHOULDER": {
            "x": 0.56552005,
            "y": 0.73412347,
            "z": -0.53995097,
            "visibility": 0.8603712
        },
        "LEFT_ELBOW": {
            "x": 0.73620474,
            "y": 0.88242406,
            "z": -0.49007398,
            "visibility": 0.75162053
        },
        "RIGHT_ELBOW": {
            "x": 0.6588208,
            "y": 0.87124413,
            "z": -0.42880902,
            "visibility": 0.09599134
        },
        "LEFT_WRIST": {
            "x": 0.7431352,
            "y": 1.0501548,
            "z": -0.41923398,
            "visibility": 0.58725566
        },
        "RIGHT_WRIST": {
            "x": 0.72506815,
            "y": 0.9660427,
            "z": -0.46895033,
            "visibility": 0.10040197
        },
        "LEFT_PINKY": {
            "x": 0.7537513,
            "y": 1.0894201,
            "z": -0.4703079,
            "visibility": 0.52144414
        },
        "RIGHT_PINKY": {
            "x": 0.73299176,
            "y": 1.0182617,
            "z": -0.5166433,
            "visibility": 0.10021011
        },
        "LEFT_INDEX": {
            "x": 0.73656124,
            "y": 1.0796958,
            "z": -0.4771192,
            "visibility": 0.5587396
        },
        "RIGHT_INDEX": {
            "x": 0.74200463,
            "y": 0.98639286,
            "z": -0.5268086,
            "visibility": 0.110925145
        },
        "LEFT_THUMB": {
            "x": 0.7285534,
            "y": 1.0681282,
            "z": -0.42580456,
            "visibility": 0.49957547
        },
        "RIGHT_THUMB": {
            "x": 0.73969996,
            "y": 0.96492404,
            "z": -0.4762423,
            "visibility": 0.108860195
        },
        "LEFT_HIP": {
            "x": 0.5876988,
            "y": 0.465858,
            "z": -0.039691113,
            "visibility": 0.97881305
        },
        "RIGHT_HIP": {
            "x": 0.54437435,
            "y": 0.487896,
            "z": 0.039294492,
            "visibility": 0.9653623
        },
        "LEFT_KNEE": {
            "x": 0.5824131,
            "y": 0.5047597,
            "z": 0.3933027,
            "visibility": 0.060353417
        },
        "RIGHT_KNEE": {
            "x": 0.5249122,
            "y": 0.5154749,
            "z": 0.45959395,
            "visibility": 0.012838914
        },
        "LEFT_ANKLE": {
            "x": 0.5768145,
            "y": 0.5367183,
            "z": 0.93033874,
            "visibility": 0.03304887
        },
        "RIGHT_ANKLE": {
            "x": 0.5321709,
            "y": 0.5346793,
            "z": 0.9975735,
            "visibility": 0.012456803
        },
        "LEFT_HEEL": {
            "x": 0.5714375,
            "y": 0.54135346,
            "z": 0.98566073,
            "visibility": 0.04281795
        },
        "RIGHT_HEEL": {
            "x": 0.5350285,
            "y": 0.53520554,
            "z": 1.0620811,
            "visibility": 0.018646127
        },
        "LEFT_FOOT_INDEX": {
            "x": 0.5841764,
            "y": 0.5400335,
            "z": 0.9564835,
            "visibility": 0.03194835
        },
        "RIGHT_FOOT_INDEX": {
            "x": 0.5430487,
            "y": 0.53562033,
            "z": 1.0524355,
            "visibility": 0.01529944
        }
    }
}