{
    "skeleton": {
        "NOSE": {
            "x": 0.48733243,
            "y": 0.58762044,
            "z": -1.7716253,
            "visibility": 0.99927646
        },
        "LEFT_EYE_INNER": {
            "x": 0.5044846,
            "y": 0.5130381,
            "z": -1.7324893,
            "visibility": 0.99841726
        },
        "LEFT_EYE": {
            "x": 0.51689446,
            "y": 0.5098377,
            "z": -1.7323444,
            "visibility": 0.99841005
        },
        "LEFT_EYE_OUTER": {
            "x": 0.52888405,
            "y": 0.5067769,
            "z": -1.7327197,
            "visibility": 0.9977863
        },
        "RIGHT_EYE_INNER": {
            "x": 0.45078725,
            "y": 0.5137259,
            "z": -1.7830967,
            "visibility": 0.998971
        },
        "RIGHT_EYE": {
            "x": 0.42481986,
            "y": 0.50955755,
            "z": -1.7831881,
            "visibility": 0.9992244
        },
        "RIGHT_EYE_OUTER": {
            "x": 0.39732012,
            "y": 0.5037503,
            "z": -1.7834928,
            "visibility": 0.99908197
        },
        "LEFT_EAR": {
            "x": 0.518923,
            "y": 0.5056911,
            "z": -1.2773583,
            "visibility": 0.99794316
        },
        "RIGHT_EAR": {
            "x": 0.32892334,
            "y": 0.488488,
            "z": -1.4970458,
            "visibility": 0.99949735
        },
        "MOUTH_LEFT": {
            "x": 0.49748546,
            "y": 0.6465237,
            "z": -1.5756896,
            "visibility": 0.99906635
        },
        "MOUTH_RIGHT": {
            "x": 0.43992358,
            "y": 0.6498388,
            "z": -1.6392639,
            "visibility": 0.99961066
        },
        "LEFT_SHOULDER": {
            "x": 0.58413494,
            "y": 0.70191723,
            "z": -0.76690304,
            "visibility": 0.9984096
        },
        "RIGHT_SHOULDER": {
            "x": 0.13695164,
            "y": 0.7691398,
            "z": -1.1363336,
            "visibility": 0.99819136
        },
        "LEFT_ELBOW": {
            "x": 0.7394441,
            "y": 0.94868547,
            "z": -0.4246633,
            "visibility": 0.5407409
        },
        "RIGHT_ELBOW": {
            "x": 0.06807367,
            "y": 1.204739,
            "z": -1.0087706,
            "visibility": 0.61411315
        },
        "LEFT_WRIST": {
            "x": 0.8581139,
            "y": 1.3407671,
            "z": -0.6428882,
            "visibility": 0.1794408
        },
        "RIGHT_WRIST": {
            "x": 0.13501225,
            "y": 1.5837988,
            "z": -1.2299073,
            "visibility": 0.14809471
        },
        "LEFT_PINKY": {
            "x": 0.9096036,
            "y": 1.4540503,
            "z": -0.7006834,
            "visibility": 0.13843632
        },
        "RIGHT_PINKY": {
            "x": 0.13583665,
            "y": 1.7103192,
            "z": -1.3090569,
            "visibility": 0.118391536
        },
        "LEFT_INDEX": {
            "x": 0.8760645,
            "y": 1.4738668,
            "z": -0.8070468,
            "visibility": 0.19491385
        },
        "RIGHT_INDEX": {
            "x": 0.17609723,
            "y": 1.7033058,
            "z": -1.4171423,
            "visibility": 0.16134152
        },
        "LEFT_THUMB": {
            "x": 0.84398496,
            "y": 1.4432547,
            "z": -0.6969245,
            "visibility": 0.18825924
        },
        "RIGHT_THUMB": {
            "x": 0.18175483,
            "y": 1.6523159,
            "z": -1.2729747,
            "visibility": 0.14218794
        },
        "LEFT_HIP": {
            "x": 0.5232793,
            "y": 1.4644939,
            "z": 0.021557787,
            "visibility": 0.0027812514
        },
        "RIGHT_HIP": {
            "x": 0.24959907,
            "y": 1.4956521,
            "z": -0.019057821,
            "visibility": 0.0017738411
        },
        "LEFT_KNEE": {
            "x": 0.54669994,
            "y": 2.0991788,
            "z": 0.077274054,
            "visibility": 0.0095979115
        },
        "RIGHT_KNEE": {
            "x": 0.2904696,
            "y": 2.1380754,
            "z": 0.077837765,
            "visibility": 0.004504808
        },
        "LEFT_ANKLE": {
            "x": 0.5672009,
            "y": 2.6799536,
            "z": 0.6876642,
            "visibility": 0.0011368556
        },
        "RIGHT_ANKLE": {
            "x": 0.33527613,
            "y": 2.6948242,
            "z": 0.5054633,
            "visibility": 0.00035798995
        },
        "LEFT_HEEL": {
            "x": 0.56259924,
            "y": 2.7732809,
            "z": 0.71584487,
            "visibility": 0.00062158884
        },
        "RIGHT_HEEL": {
            "x": 0.32910937,
            "y": 2.7818832,
            "z": 0.52461183,
            "visibility": 0.00072153285
        },
        "LEFT_FOOT_INDEX": {
            "x": 0.5764487,
            "y": 2.8651776,
            "z": 0.16899848,
            "visibility": 0.0017385646
        },
        "RIGHT_FOOT_INDEX": {
            "x": 0.4085661,
            "y": 2.8728666,
            "z": -0.096726075,
            "visibility": 0.0010267305
        }
    }
}