{
    "skeleton": {
        "NOSE": {
            "x": 0.7268583,
            "y": 0.5524046,
            "z": -1.7069075,
            "visibility": 0.9980228
        },
        "LEFT_EYE_INNER": {
            "x": 0.7655996,
            "y": 0.4773051,
            "z": -1.6342942,
            "visibility": 0.9962713
        },
        "LEFT_EYE": {
            "x": 0.789036,
            "y": 0.47809336,
            "z": -1.6345428,
            "visibility": 0.99608094
        },
        "LEFT_EYE_OUTER": {
            "x": 0.8114883,
            "y": 0.4785739,
            "z": -1.6349014,
            "visibility": 0.9953097
        },
        "RIGHT_EYE_INNER": {
            "x": 0.6983989,
            "y": 0.46577916,
            "z": -1.6542801,
            "visibility": 0.99708503
        },
        "RIGHT_EYE": {
            "x": 0.6735309,
            "y": 0.45940638,
            "z": -1.6534674,
            "visibility": 0.99745196
        },
        "RIGHT_EYE_OUTER": {
            "x": 0.64711726,
            "y": 0.45450634,
            "z": -1.6541452,
            "visibility": 0.99772227
        },
        "LEFT_EAR": {
            "x": 0.8340691,
            "y": 0.49061677,
            "z": -1.0012603,
            "visibility": 0.9944115
        },
        "RIGHT_EAR": {
            "x": 0.5999285,
            "y": 0.45616266,
            "z": -1.0596001,
            "visibility": 0.9983214
        },
        "MOUTH_LEFT": {
            "x": 0.7482835,
            "y": 0.63623154,
            "z": -1.4540312,
            "visibility": 0.99794364
        },
        "MOUTH_RIGHT": {
            "x": 0.6705601,
            "y": 0.628878,
            "z": -1.4725628,
            "visibility": 0.9988447
        },
        "LEFT_SHOULDER": {
            "x": 0.9463417,
            "y": 0.8865542,
            "z": -0.4297933,
            "visibility": 0.9893174
        },
        "RIGHT_SHOULDER": {
            "x": 0.39018333,
            "y": 0.79617965,
            "z": -0.6878637,
            "visibility": 0.9966745
        },
        "LEFT_ELBOW": {
            "x": 1.0251884,
            "y": 1.3538702,
            "z": -0.14259961,
            "visibility": 0.08522506
        },
        "RIGHT_ELBOW": {
            "x": 0.2097266,
            "y": 1.306049,
            "z": -0.5245465,
            "visibility": 0.54146624
        },
        "LEFT_WRIST": {
            "x": 1.0040104,
            "y": 1.7359271,
            "z": -0.57056177,
            "visibility": 0.016446926
        },
        "RIGHT_WRIST": {
            "x": 0.23118079,
            "y": 1.7082185,
            "z": -1.1424538,
            "visibility": 0.10316101
        },
        "LEFT_PINKY": {
            "x": 1.0289124,
            "y": 1.8749523,
            "z": -0.70579326,
            "visibility": 0.02106662
        },
        "RIGHT_PINKY": {
            "x": 0.20292184,
            "y": 1.8521005,
            "z": -1.3269434,
            "visibility": 0.08742351
        },
        "LEFT_INDEX": {
            "x": 0.98532057,
            "y": 1.8733528,
            "z": -0.8259862,
            "visibility": 0.0319902
        },
        "RIGHT_INDEX": {
            "x": 0.26215324,
            "y": 1.8505145,
            "z": -1.474508,
            "visibility": 0.13166155
        },
        "LEFT_THUMB": {
            "x": 0.9626212,
            "y": 1.817134,
            "z": -0.64753443,
            "visibility": 0.030864613
        },
        "RIGHT_THUMB": {
            "x": 0.28302664,
            "y": 1.7946033,
            "z": -1.219825,
            "visibility": 0.12147456
        },
        "LEFT_HIP": {
            "x": 0.7882426,
            "y": 1.8184092,
            "z": -0.084776595,
            "visibility": 0.00228948
        },
        "RIGHT_HIP": {
            "x": 0.4222908,
            "y": 1.7782936,
            "z": 0.09118645,
            "visibility": 0.0023201606
        },
        "LEFT_KNEE": {
            "x": 0.72142255,
            "y": 2.6077318,
            "z": -0.0029936791,
            "visibility": 0.0037507606
        },
        "RIGHT_KNEE": {
            "x": 0.37845963,
            "y": 2.574904,
            "z": 0.22330257,
            "visibility": 0.0025181377
        },
        "LEFT_ANKLE": {
            "x": 0.67187023,
            "y": 3.3282874,
            "z": 0.91116554,
            "visibility": 0.0011212941
        },
        "RIGHT_ANKLE": {
            "x": 0.3531979,
            "y": 3.2864902,
            "z": 0.94930536,
            "visibility": 0.00095938327
        },
        "LEFT_HEEL": {
            "x": 0.67064303,
            "y": 3.4460993,
            "z": 0.9509069,
            "visibility": 0.0008521685
        },
        "RIGHT_HEEL": {
            "x": 0.33892614,
            "y": 3.400708,
            "z": 0.9959944,
            "visibility": 0.0009889412
        },
        "LEFT_FOOT_INDEX": {
            "x": 0.60635567,
            "y": 3.5479963,
            "z": 0.07988887,
            "visibility": 0.0009935092
        },
        "RIGHT_FOOT_INDEX": {
            "x": 0.4033192,
            "y": 3.515989,
            "z": 0.057361625,
            "visibility": 0.0010931189
        }
    }
}