{
    "skeleton": {
        "NOSE": {
            "x": 0.89709365,
            "y": 0.43314973,
            "z": -0.33731875,
            "visibility": 0.8720486
        },
        "LEFT_EYE_INNER": {
            "x": 0.8888693,
            "y": 0.42776528,
            "z": -0.34700966,
            "visibility": 0.8361046
        },
        "LEFT_EYE": {
            "x": 0.88673913,
            "y": 0.42387334,
            "z": -0.34710294,
            "visibility": 0.84926194
        },
        "LEFT_EYE_OUTER": {
            "x": 0.8858886,
            "y": 0.42007855,
            "z": -0.34738353,
            "visibility": 0.8596071
        },
        "RIGHT_EYE_INNER": {
            "x": 0.88831913,
            "y": 0.43393004,
            "z": -0.32746717,
            "visibility": 0.81259096
        },
        "RIGHT_EYE": {
            "x": 0.8883222,
            "y": 0.43526646,
            "z": -0.3275081,
            "visibility": 0.8090882
        },
        "RIGHT_EYE_OUTER": {
            "x": 0.88842165,
            "y": 0.43661907,
            "z": -0.3275948,
            "visibility": 0.80509263
        },
        "LEFT_EAR": {
            "x": 0.88485575,
            "y": 0.40333384,
            "z": -0.34271216,
            "visibility": 0.91015005
        },
        "RIGHT_EAR": {
            "x": 0.88874483,
            "y": 0.42611852,
            "z": -0.25360644,
            "visibility": 0.85332346
        },
        "MOUTH_LEFT": {
            "x": 0.9025903,
            "y": 0.42088607,
            "z": -0.32970622,
            "visibility": 0.952343
        },
        "MOUTH_RIGHT": {
            "x": 0.90421164,
            "y": 0.42872056,
            "z": -0.30432326,
            "visibility": 0.9285521
        },
        "LEFT_SHOULDER": {
            "x": 0.91383487,
            "y": 0.34747946,
            "z": -0.34686965,
            "visibility": 0.99927264
        },
        "RIGHT_SHOULDER": {
            "x": 0.923351,
            "y": 0.41851932,
            "z": -0.13299835,
            "visibility": 0.9670729
        },
        "LEFT_ELBOW": {
            "x": 0.96590966,
            "y": 0.27881998,
            "z": -0.3807766,
            "visibility": 0.9347805
        },
        "RIGHT_ELBOW": {
            "x": 0.97498816,
            "y": 0.4105013,
            "z": -0.048664264,
            "visibility": 0.7724994
        },
        "LEFT_WRIST": {
            "x": 1.0297117,
            "y": 0.25796852,
            "z": -0.41566437,
            "visibility": 0.8682801
        },
        "RIGHT_WRIST": {
            "x": 0.98922336,
            "y": 0.39278832,
            "z": -0.034802243,
            "visibility": 0.7850247
        },
        "LEFT_PINKY": {
            "x": 1.0427662,
            "y": 0.24457741,
            "z": -0.45004186,
            "visibility": 0.8395749
        },
        "RIGHT_PINKY": {
            "x": 0.9944766,
            "y": 0.38833326,
            "z": -0.03250991,
            "visibility": 0.7746526
        },
        "LEFT_INDEX": {
            "x": 1.0452969,
            "y": 0.26277068,
            "z": -0.46102667,
            "visibility": 0.8411272
        },
        "RIGHT_INDEX": {
            "x": 0.9898304,
            "y": 0.3907665,
            "z": -0.05022332,
            "visibility": 0.77826595
        },
        "LEFT_THUMB": {
            "x": 1.0411403,
            "y": 0.26916057,
            "z": -0.42068988,
            "visibility": 0.81573844
        },
        "RIGHT_THUMB": {
            "x": 0.9888344,
            "y": 0.39010912,
            "z": -0.042216472,
            "visibility": 0.77170503
        },
        "LEFT_HIP": {
            "x": 1.0023832,
            "y": 0.31172645,
            "z": -0.061883427,
            "visibility": 0.9852899
        },
        "RIGHT_HIP": {
            "x": 1.0021826,
            "y": 0.35763356,
            "z": 0.062259387,
            "visibility": 0.9742485
        },
        "LEFT_KNEE": {
            "x": 1.0045261,
            "y": 0.36376002,
            "z": 0.00071095896,
            "visibility": 0.80332506
        },
        "RIGHT_KNEE": {
            "x": 0.99169654,
            "y": 0.44315282,
            "z": 0.19365448,
            "visibility": 0.748834
        },
        "LEFT_ANKLE": {
            "x": 1.0131991,
            "y": 0.41169244,
            "z": 0.30413705,
            "visibility": 0.5932797
        },
        "RIGHT_ANKLE": {
            "x": 1.0055479,
            "y": 0.476376,
            "z": 0.38404366,
            "visibility": 0.57728255
        },
        "LEFT_HEEL": {
            "x": 1.0129503,
            "y": 0.41760185,
            "z": 0.33712167,
            "visibility": 0.3534184
        },
        "RIGHT_HEEL": {
            "x": 1.0097165,
            "y": 0.47684747,
            "z": 0.40518004,
            "visibility": 0.37370527
        },
        "LEFT_FOOT_INDEX": {
            "x": 1.0186036,
            "y": 0.4322286,
            "z": 0.3292891,
            "visibility": 0.49049035
        },
        "RIGHT_FOOT_INDEX": {
            "x": 1.0081162,
            "y": 0.50818944,
            "z": 0.39160085,
            "visibility": 0.5191435
        }
    },
    "speed": 0
}