{
    "skeleton": {
        "NOSE": {
            "x": 0.33243182,
            "y": 0.87772393,
            "z": -2.3688903,
            "visibility": 0.9975159
        },
        "LEFT_EYE_INNER": {
            "x": 0.3746621,
            "y": 0.8031792,
            "z": -2.362422,
            "visibility": 0.99710876
        },
        "LEFT_EYE": {
            "x": 0.39566165,
            "y": 0.8031337,
            "z": -2.362006,
            "visibility": 0.9966925
        },
        "LEFT_EYE_OUTER": {
            "x": 0.4138678,
            "y": 0.8010828,
            "z": -2.3623347,
            "visibility": 0.99652135
        },
        "RIGHT_EYE_INNER": {
            "x": 0.30425498,
            "y": 0.7794746,
            "z": -2.3920736,
            "visibility": 0.99786574
        },
        "RIGHT_EYE": {
            "x": 0.27840346,
            "y": 0.7637101,
            "z": -2.3926873,
            "visibility": 0.99781156
        },
        "RIGHT_EYE_OUTER": {
            "x": 0.25402695,
            "y": 0.7488455,
            "z": -2.3927608,
            "visibility": 0.9979133
        },
        "LEFT_EAR": {
            "x": 0.42664856,
            "y": 0.7842683,
            "z": -1.8719718,
            "visibility": 0.9965796
        },
        "RIGHT_EAR": {
            "x": 0.20316187,
            "y": 0.72378474,
            "z": -2.0271344,
            "visibility": 0.9982049
        },
        "MOUTH_LEFT": {
            "x": 0.3462482,
            "y": 0.94001305,
            "z": -2.147134,
            "visibility": 0.99138236
        },
        "MOUTH_RIGHT": {
            "x": 0.28155598,
            "y": 0.9213212,
            "z": -2.192099,
            "visibility": 0.994752
        },
        "LEFT_SHOULDER": {
            "x": 0.48520422,
            "y": 0.9338163,
            "z": -1.2640438,
            "visibility": 0.92116874
        },
        "RIGHT_SHOULDER": {
            "x": 0.0563158,
            "y": 0.9065609,
            "z": -1.4748572,
            "visibility": 0.95893574
        },
        "LEFT_ELBOW": {
            "x": 0.55848086,
            "y": 1.0726857,
            "z": -0.79263765,
            "visibility": 0.07500532
        },
        "RIGHT_ELBOW": {
            "x": -0.06973959,
            "y": 1.2776153,
            "z": -1.313384,
            "visibility": 0.14160594
        },
        "LEFT_WRIST": {
            "x": 0.54794604,
            "y": 1.0637625,
            "z": -0.5971717,
            "visibility": 0.026156915
        },
        "RIGHT_WRIST": {
            "x": 0.06975116,
            "y": 1.2684996,
            "z": -1.3787907,
            "visibility": 0.03131779
        },
        "LEFT_PINKY": {
            "x": 0.5571133,
            "y": 1.0635048,
            "z": -0.57016075,
            "visibility": 0.036669966
        },
        "RIGHT_PINKY": {
            "x": 0.11608203,
            "y": 1.265587,
            "z": -1.3976347,
            "visibility": 0.042842086
        },
        "LEFT_INDEX": {
            "x": 0.5546464,
            "y": 1.0368484,
            "z": -0.6065962,
            "visibility": 0.048894916
        },
        "RIGHT_INDEX": {
            "x": 0.11895033,
            "y": 1.2198479,
            "z": -1.379893,
            "visibility": 0.0575252
        },
        "LEFT_THUMB": {
            "x": 0.53914535,
            "y": 1.0326967,
            "z": -0.6061575,
            "visibility": 0.050308224
        },
        "RIGHT_THUMB": {
            "x": 0.11334176,
            "y": 1.2141064,
            "z": -1.3703642,
            "visibility": 0.054467525
        },
        "LEFT_HIP": {
            "x": 0.35945067,
            "y": 1.5786004,
            "z": 0.029269924,
            "visibility": 0.004679631
        },
        "RIGHT_HIP": {
            "x": 0.1176229,
            "y": 1.6425533,
            "z": -0.026714351,
            "visibility": 0.0038578736
        },
        "LEFT_KNEE": {
            "x": 0.37009168,
            "y": 1.6239111,
            "z": 0.14096986,
            "visibility": 0.018211158
        },
        "RIGHT_KNEE": {
            "x": 0.16969354,
            "y": 1.7399439,
            "z": 0.14919522,
            "visibility": 0.010141352
        },
        "LEFT_ANKLE": {
            "x": 0.41108042,
            "y": 2.090995,
            "z": 0.8968589,
            "visibility": 0.0012809299
        },
        "RIGHT_ANKLE": {
            "x": 0.3323187,
            "y": 2.1030385,
            "z": 0.874992,
            "visibility": 0.0008583352
        },
        "LEFT_HEEL": {
            "x": 0.41366777,
            "y": 2.1737032,
            "z": 0.96108675,
            "visibility": 0.00086463214
        },
        "RIGHT_HEEL": {
            "x": 0.32919076,
            "y": 2.1431015,
            "z": 0.94538176,
            "visibility": 0.00087393436
        },
        "LEFT_FOOT_INDEX": {
            "x": 0.44016844,
            "y": 2.227873,
            "z": 0.66831434,
            "visibility": 0.0026396438
        },
        "RIGHT_FOOT_INDEX": {
            "x": 0.428338,
            "y": 2.2569144,
            "z": 0.6172651,
            "visibility": 0.002080856
        }
    }
}