{
    "skeleton": {
        "NOSE": {
            "x": 0.36000755,
            "y": 0.7457609,
            "z": -1.9319233,
            "visibility": 0.99902236
        },
        "LEFT_EYE_INNER": {
            "x": 0.39903426,
            "y": 0.66007334,
            "z": -1.8976679,
            "visibility": 0.99827003
        },
        "LEFT_EYE": {
            "x": 0.42160696,
            "y": 0.6580249,
            "z": -1.8975796,
            "visibility": 0.9986084
        },
        "LEFT_EYE_OUTER": {
            "x": 0.44000292,
            "y": 0.656557,
            "z": -1.8979635,
            "visibility": 0.9980728
        },
        "RIGHT_EYE_INNER": {
            "x": 0.32100064,
            "y": 0.6571247,
            "z": -1.901187,
            "visibility": 0.99845
        },
        "RIGHT_EYE": {
            "x": 0.29655516,
            "y": 0.6545192,
            "z": -1.9008468,
            "visibility": 0.9987425
        },
        "RIGHT_EYE_OUTER": {
            "x": 0.27706796,
            "y": 0.65200114,
            "z": -1.9010957,
            "visibility": 0.9984882
        },
        "LEFT_EAR": {
            "x": 0.4747091,
            "y": 0.6603343,
            "z": -1.4138206,
            "visibility": 0.99855703
        },
        "RIGHT_EAR": {
            "x": 0.25483876,
            "y": 0.6558047,
            "z": -1.4186083,
            "visibility": 0.9991735
        },
        "MOUTH_LEFT": {
            "x": 0.39865658,
            "y": 0.82203674,
            "z": -1.7265123,
            "visibility": 0.99905115
        },
        "MOUTH_RIGHT": {
            "x": 0.31436592,
            "y": 0.81960493,
            "z": -1.729077,
            "visibility": 0.999326
        },
        "LEFT_SHOULDER": {
            "x": 0.6373838,
            "y": 0.96450096,
            "z": -0.9112687,
            "visibility": 0.99168134
        },
        "RIGHT_SHOULDER": {
            "x": 0.12908727,
            "y": 0.92862594,
            "z": -0.905492,
            "visibility": 0.9964779
        },
        "LEFT_ELBOW": {
            "x": 0.7172376,
            "y": 1.3525546,
            "z": -0.6695231,
            "visibility": 0.08621903
        },
        "RIGHT_ELBOW": {
            "x": -0.007699321,
            "y": 1.3204333,
            "z": -0.49756354,
            "visibility": 0.21471883
        },
        "LEFT_WRIST": {
            "x": 0.6877803,
            "y": 1.6805915,
            "z": -0.9274122,
            "visibility": 0.0063937
        },
        "RIGHT_WRIST": {
            "x": 0.040651966,
            "y": 1.5855334,
            "z": -0.71910655,
            "visibility": 0.02348651
        },
        "LEFT_PINKY": {
            "x": 0.7060779,
            "y": 1.7924134,
            "z": -1.0078595,
            "visibility": 0.008536971
        },
        "RIGHT_PINKY": {
            "x": 0.0387874,
            "y": 1.680802,
            "z": -0.8059788,
            "visibility": 0.024015129
        },
        "LEFT_INDEX": {
            "x": 0.66590136,
            "y": 1.7819521,
            "z": -1.0875142,
            "visibility": 0.0146135045
        },
        "RIGHT_INDEX": {
            "x": 0.06879684,
            "y": 1.663458,
            "z": -0.88331175,
            "visibility": 0.03984506
        },
        "LEFT_THUMB": {
            "x": 0.64947593,
            "y": 1.7309963,
            "z": -0.97455823,
            "visibility": 0.0144906575
        },
        "RIGHT_THUMB": {
            "x": 0.077911966,
            "y": 1.6235327,
            "z": -0.759188,
            "visibility": 0.03744621
        },
        "LEFT_HIP": {
            "x": 0.51332515,
            "y": 1.7047849,
            "z": -0.06810944,
            "visibility": 0.00018464794
        },
        "RIGHT_HIP": {
            "x": 0.1884293,
            "y": 1.6868169,
            "z": 0.072904095,
            "visibility": 0.0001703873
        },
        "LEFT_KNEE": {
            "x": 0.49062413,
            "y": 2.412072,
            "z": -0.1989942,
            "visibility": 0.00090274005
        },
        "RIGHT_KNEE": {
            "x": 0.19038747,
            "y": 2.3779693,
            "z": -0.1363396,
            "visibility": 0.00040450643
        },
        "LEFT_ANKLE": {
            "x": 0.48340997,
            "y": 3.041085,
            "z": 0.454415,
            "visibility": 7.5755706e-05
        },
        "RIGHT_ANKLE": {
            "x": 0.20292132,
            "y": 3.0120203,
            "z": 0.25582632,
            "visibility": 1.5055978e-05
        },
        "LEFT_HEEL": {
            "x": 0.49045306,
            "y": 3.1407297,
            "z": 0.4788751,
            "visibility": 4.702484e-05
        },
        "RIGHT_HEEL": {
            "x": 0.20364504,
            "y": 3.1070445,
            "z": 0.2711212,
            "visibility": 3.21222e-05
        },
        "LEFT_FOOT_INDEX": {
            "x": 0.42794847,
            "y": 3.2490919,
            "z": -0.27378052,
            "visibility": 6.8425834e-05
        },
        "RIGHT_FOOT_INDEX": {
            "x": 0.249077,
            "y": 3.2258067,
            "z": -0.54874,
            "visibility": 6.934025e-05
        }
    }
}